run,complete,record,case,kind,entry,job,cycle,jobs,setup_us,idle_us,online_us,elapsed_us
018,False,phase,bounded_burst,prepared,1,,,,198607,,,
018,False,phase,bounded_burst,prepared,2,,,,190002,,,
018,False,phase,bounded_burst,verified,1,101,,,198607,243068,111764,
018,False,phase,bounded_burst,verified,2,102,,,190002,53128,113149,
018,False,phase,bounded_burst,prepared,3,,,,187119,,,
018,False,phase,bounded_burst,prepared,4,,,,189154,,,
018,False,phase,pending_cancel,prepared,2,,,,184415,,,
018,False,phase,pending_cancel,verified,2,301,,,184415,0,65712,
018,False,phase,expiry_cancel,prepared,1,,,,180466,,,
018,False,phase,expiry_cancel,prepared,2,,,,181344,,,
018,False,phase,expiry_cancel,prepared,3,,,,185839,,,
018,False,phase,expiry_cancel,prepared,4,,,,186414,,,
018,False,phase,expiry_cancel,prepared,5,,,,186429,,,
018,False,phase,expiry_cancel,verified,5,201,,,186429,0,66189,
018,False,phase,sustained_cold,prepared,1,,,,217517,,,
018,False,phase,sustained_cold,prepared,2,,,,226184,,,
018,False,phase,sustained_cold,verified,1,1,,,217517,0,112319,
018,False,job,sustained_cold,,,1,,,,,,330096
018,False,phase,sustained_cold,verified,2,2,,,226184,0,104766,
018,False,job,sustained_cold,,,2,,,,,,331149
018,False,block,sustained_cold,,,,0,2,,,,331400
018,False,phase,sustained_prepared,prepared,1,,,,191593,,,
018,False,phase,sustained_prepared,prepared,2,,,,188180,,,
018,False,phase,sustained_prepared,verified,1,1,,,191593,241262,109338,
018,False,job,sustained_prepared,,,1,,,,,,109573
018,False,phase,sustained_prepared,verified,2,2,,,188180,53677,109957,
018,False,job,sustained_prepared,,,2,,,,,,110096
018,False,block,sustained_prepared,,,,0,2,,,,543638
018,False,phase,sustained_prepared,prepared,3,,,,189262,,,
018,False,phase,sustained_prepared,prepared,4,,,,189699,,,
018,False,phase,sustained_prepared,verified,3,3,,,189262,242787,109308,
018,False,job,sustained_prepared,,,3,,,,,,109547
018,False,phase,sustained_prepared,verified,4,4,,,189699,53423,110272,
018,False,job,sustained_prepared,,,4,,,,,,110409
018,False,block,sustained_prepared,,,,1,2,,,,542867
018,False,phase,sustained_cold,prepared,3,,,,216135,,,
018,False,phase,sustained_cold,prepared,4,,,,217434,,,
018,False,phase,sustained_cold,verified,3,3,,,216135,0,106931,
018,False,job,sustained_cold,,,3,,,,,,323349
018,False,phase,sustained_cold,verified,4,4,,,217434,0,106749,
018,False,job,sustained_cold,,,4,,,,,,324336
018,False,block,sustained_cold,,,,1,2,,,,324599
018,False,phase,sustained_cold,prepared,6,,,,228042,,,
018,False,phase,sustained_cold,prepared,5,,,,228749,,,
018,False,phase,sustained_cold,verified,6,6,,,228042,0,110711,
018,False,job,sustained_cold,,,6,,,,,,338931
018,False,phase,sustained_cold,verified,5,5,,,228749,0,111311,
018,False,job,sustained_cold,,,5,,,,,,340260
018,False,block,sustained_cold,,,,2,2,,,,340278
018,False,phase,sustained_prepared,prepared,5,,,,194345,,,
018,False,phase,sustained_prepared,prepared,6,,,,194333,,,
018,False,phase,sustained_prepared,verified,5,5,,,194345,247411,112042,
018,False,job,sustained_prepared,,,5,,,,,,113276
018,False,phase,sustained_prepared,verified,6,6,,,194333,53418,114307,
018,False,job,sustained_prepared,,,6,,,,,,114458
018,False,block,sustained_prepared,,,,2,2,,,,556639
018,False,phase,sustained_prepared,prepared,7,,,,191357,,,
018,False,phase,sustained_prepared,prepared,8,,,,188791,,,
018,False,phase,sustained_prepared,verified,8,8,,,188791,53414,113819,
018,False,job,sustained_prepared,,,8,,,,,,113974
018,False,phase,sustained_prepared,verified,7,7,,,191357,241863,115435,
018,False,job,sustained_prepared,,,7,,,,,,115573
018,False,block,sustained_prepared,,,,3,2,,,,548836
018,False,phase,sustained_cold,prepared,8,,,,226664,,,
018,False,phase,sustained_cold,prepared,7,,,,231231,,,
018,False,phase,sustained_cold,verified,7,7,,,231231,0,108846,
018,False,job,sustained_cold,,,7,,,,,,340264
018,False,phase,sustained_cold,verified,8,8,,,226664,0,114227,
018,False,job,sustained_cold,,,8,,,,,,341076
018,False,block,sustained_cold,,,,3,2,,,,341456
018,False,phase,sustained_cold,prepared,9,,,,216702,,,
018,False,phase,sustained_cold,prepared,10,,,,234755,,,
018,False,phase,sustained_cold,verified,9,9,,,216702,0,114944,
018,False,job,sustained_cold,,,9,,,,,,331891
018,False,phase,sustained_cold,verified,10,10,,,234755,0,99630,
018,False,job,sustained_cold,,,10,,,,,,334605
018,False,block,sustained_cold,,,,4,2,,,,334983
018,False,phase,sustained_prepared,prepared,9,,,,187358,,,
018,False,phase,sustained_prepared,prepared,10,,,,188763,,,
018,False,phase,sustained_prepared,verified,9,9,,,187358,240094,119563,
018,False,job,sustained_prepared,,,9,,,,,,119815
018,False,phase,sustained_prepared,verified,10,10,,,188763,51661,120755,
018,False,job,sustained_prepared,,,10,,,,,,120911
018,False,block,sustained_prepared,,,,4,2,,,,548778
018,False,phase,sustained_prepared,prepared,11,,,,198828,,,
018,False,phase,sustained_prepared,prepared,12,,,,199193,,,
018,False,phase,sustained_prepared,verified,12,12,,,199193,51625,114106,
018,False,job,sustained_prepared,,,12,,,,,,114280
018,False,phase,sustained_prepared,verified,11,11,,,198828,250447,115622,
018,False,job,sustained_prepared,,,11,,,,,,115802
018,False,block,sustained_prepared,,,,5,2,,,,565119
018,False,phase,sustained_cold,prepared,12,,,,243147,,,
018,False,phase,sustained_cold,prepared,11,,,,244611,,,
018,False,phase,sustained_cold,verified,11,11,,,244611,0,133360,
018,False,job,sustained_cold,,,11,,,,,,378132
018,False,phase,sustained_cold,verified,12,12,,,243147,0,135866,
018,False,job,sustained_cold,,,12,,,,,,379170
018,False,block,sustained_cold,,,,5,2,,,,379499
018,False,phase,sustained_cold,prepared,13,,,,299010,,,
018,False,phase,sustained_cold,prepared,14,,,,299661,,,
018,False,phase,sustained_cold,verified,13,13,,,299010,0,123310,
018,False,job,sustained_cold,,,13,,,,,,422471
018,False,phase,sustained_cold,verified,14,14,,,299661,0,123663,
018,False,job,sustained_cold,,,14,,,,,,423464
018,False,block,sustained_cold,,,,6,2,,,,423832
018,False,phase,sustained_prepared,prepared,13,,,,218774,,,
018,False,phase,sustained_prepared,prepared,14,,,,212579,,,
018,False,phase,sustained_prepared,verified,14,14,,,212579,53392,121040,
018,False,job,sustained_prepared,,,14,,,,,,121210
018,False,phase,sustained_prepared,verified,13,13,,,218774,265646,122472,
018,False,job,sustained_prepared,,,13,,,,,,122642
018,False,block,sustained_prepared,,,,6,2,,,,607094
018,False,phase,sustained_prepared,prepared,15,,,,192701,,,
018,False,phase,sustained_prepared,prepared,16,,,,192087,,,
018,False,phase,sustained_prepared,verified,15,15,,,192701,243195,112847,
018,False,job,sustained_prepared,,,15,,,,,,113104
018,False,phase,sustained_prepared,verified,16,16,,,192087,51438,113660,
018,False,job,sustained_prepared,,,16,,,,,,113808
018,False,block,sustained_prepared,,,,7,2,,,,550121
018,False,phase,sustained_cold,prepared,16,,,,208876,,,
018,False,phase,sustained_cold,prepared,15,,,,223301,,,
018,False,phase,sustained_cold,verified,16,16,,,208876,0,110772,
018,False,job,sustained_cold,,,16,,,,,,323399
018,False,phase,sustained_cold,verified,15,15,,,223301,0,103122,
018,False,job,sustained_cold,,,15,,,,,,326584
018,False,block,sustained_cold,,,,7,2,,,,326604
018,False,phase,sustained_cold,prepared,17,,,,212561,,,
018,False,phase,sustained_cold,prepared,18,,,,229912,,,
018,False,phase,sustained_cold,verified,17,17,,,212561,0,117030,
018,False,job,sustained_cold,,,17,,,,,,329793
018,False,phase,sustained_cold,verified,18,18,,,229912,0,100459,
018,False,job,sustained_cold,,,18,,,,,,330604
018,False,block,sustained_cold,,,,8,2,,,,330911
018,False,phase,sustained_prepared,prepared,17,,,,189756,,,
018,False,phase,sustained_prepared,prepared,18,,,,192807,,,
018,False,phase,sustained_prepared,verified,18,18,,,192807,53441,113419,
018,False,job,sustained_prepared,,,18,,,,,,113574
018,False,phase,sustained_prepared,verified,17,17,,,189756,245900,115042,
018,False,job,sustained_prepared,,,17,,,,,,115189
018,False,block,sustained_prepared,,,,8,2,,,,550891
018,False,phase,sustained_prepared,prepared,19,,,,199991,,,
018,False,phase,sustained_prepared,prepared,20,,,,188747,,,
018,False,phase,sustained_prepared,verified,19,19,,,199991,241853,123491,
018,False,job,sustained_prepared,,,19,,,,,,123722
018,False,phase,sustained_prepared,verified,20,20,,,188747,53439,124491,
018,False,job,sustained_prepared,,,20,,,,,,124623
018,False,block,sustained_prepared,,,,9,2,,,,566881
018,False,phase,sustained_cold,prepared,19,,,,223444,,,
018,False,phase,sustained_cold,prepared,20,,,,224957,,,
018,False,phase,sustained_cold,verified,19,19,,,223444,0,109384,
018,False,job,sustained_cold,,,19,,,,,,333124
018,False,phase,sustained_cold,verified,20,20,,,224957,0,108892,
018,False,job,sustained_cold,,,20,,,,,,333963
018,False,block,sustained_cold,,,,9,2,,,,334300
018,False,phase,sustained_cold,prepared,21,,,,217329,,,
018,False,phase,sustained_cold,prepared,22,,,,235029,,,
018,False,phase,sustained_cold,verified,21,21,,,217329,0,95871,
018,False,job,sustained_cold,,,21,,,,,,313426
018,False,phase,sustained_cold,verified,22,22,,,235029,0,103700,
018,False,job,sustained_cold,,,22,,,,,,338948
018,False,block,sustained_cold,,,,10,2,,,,339328
018,False,phase,sustained_prepared,prepared,21,,,,195480,,,
018,False,phase,sustained_prepared,prepared,22,,,,200939,,,
018,False,phase,sustained_prepared,verified,22,22,,,200939,53064,115546,
018,False,job,sustained_prepared,,,22,,,,,,115672
018,False,phase,sustained_prepared,verified,21,21,,,195480,253674,117171,
018,False,job,sustained_prepared,,,21,,,,,,117333
018,False,block,sustained_prepared,,,,10,2,,,,566545
018,False,phase,sustained_prepared,prepared,23,,,,198051,,,
018,False,phase,sustained_prepared,prepared,24,,,,192000,,,
018,False,phase,sustained_prepared,verified,23,23,,,198051,245075,110547,
018,False,job,sustained_prepared,,,23,,,,,,110798
018,False,phase,sustained_prepared,verified,24,24,,,192000,53404,111499,
018,False,job,sustained_prepared,,,24,,,,,,111659
018,False,block,sustained_prepared,,,,11,2,,,,555203
018,False,phase,sustained_cold,prepared,23,,,,220754,,,
018,False,phase,sustained_cold,verified,23,23,,,220754,0,64227,
018,False,job,sustained_cold,,,23,,,,,,285200
019,True,phase,bounded_burst,prepared,1,,,,205729,,,
019,True,phase,bounded_burst,prepared,2,,,,190743,,,
019,True,phase,bounded_burst,verified,1,101,,,205729,242863,114497,
019,True,phase,bounded_burst,verified,2,102,,,190743,52426,115571,
019,True,phase,bounded_burst,prepared,3,,,,192979,,,
019,True,phase,bounded_burst,prepared,4,,,,193314,,,
019,True,phase,pending_cancel,prepared,2,,,,193015,,,
019,True,phase,pending_cancel,verified,2,301,,,193015,0,69588,
019,True,phase,expiry_cancel,prepared,1,,,,195701,,,
019,True,phase,expiry_cancel,prepared,2,,,,193742,,,
019,True,phase,expiry_cancel,prepared,3,,,,192561,,,
019,True,phase,expiry_cancel,prepared,4,,,,189068,,,
019,True,phase,expiry_cancel,prepared,5,,,,191778,,,
019,True,phase,expiry_cancel,verified,5,201,,,191778,0,66525,
019,True,phase,sustained_cold,prepared,2,,,,221908,,,
019,True,phase,sustained_cold,prepared,1,,,,222826,,,
019,True,phase,sustained_cold,verified,2,2,,,221908,0,115041,
019,True,job,sustained_cold,,,2,,,,,,337145
019,True,phase,sustained_cold,verified,1,1,,,222826,0,115576,
019,True,job,sustained_cold,,,1,,,,,,338578
019,True,block,sustained_cold,,,,0,2,,,,338600
019,True,phase,sustained_prepared,prepared,1,,,,196922,,,
019,True,phase,sustained_prepared,prepared,2,,,,196665,,,
019,True,phase,sustained_prepared,verified,1,1,,,196922,248752,111473,
019,True,job,sustained_prepared,,,1,,,,,,111722
019,True,phase,sustained_prepared,verified,2,2,,,196665,52783,111909,
019,True,job,sustained_prepared,,,2,,,,,,112101
019,True,block,sustained_prepared,,,,0,2,,,,558569
019,True,phase,sustained_prepared,prepared,3,,,,197915,,,
019,True,phase,sustained_prepared,prepared,4,,,,198423,,,
019,True,phase,sustained_prepared,verified,4,4,,,198423,52418,114482,
019,True,job,sustained_prepared,,,4,,,,,,114608
019,True,phase,sustained_prepared,verified,3,3,,,197915,250506,115915,
019,True,job,sustained_prepared,,,3,,,,,,116046
019,True,block,sustained_prepared,,,,1,2,,,,564521
019,True,phase,sustained_cold,prepared,4,,,,233903,,,
019,True,phase,sustained_cold,prepared,3,,,,236114,,,
019,True,phase,sustained_cold,verified,4,4,,,233903,0,115276,
019,True,job,sustained_cold,,,4,,,,,,349364
019,True,phase,sustained_cold,verified,3,3,,,236114,0,114643,
019,True,job,sustained_cold,,,3,,,,,,350939
019,True,block,sustained_cold,,,,1,2,,,,350977
019,True,phase,sustained_cold,prepared,5,,,,209731,,,
019,True,phase,sustained_cold,prepared,6,,,,231340,,,
019,True,phase,sustained_cold,verified,5,5,,,209731,0,98012,
019,True,job,sustained_cold,,,5,,,,,,307970
019,True,phase,sustained_cold,verified,6,6,,,231340,0,95090,
019,True,job,sustained_cold,,,6,,,,,,326628
019,True,block,sustained_cold,,,,2,2,,,,326975
019,True,phase,sustained_prepared,prepared,5,,,,201592,,,
019,True,phase,sustained_prepared,prepared,6,,,,193355,,,
019,True,phase,sustained_prepared,verified,6,6,,,193355,52433,112761,
019,True,job,sustained_prepared,,,6,,,,,,112910
019,True,phase,sustained_prepared,verified,5,5,,,201592,245455,114249,
019,True,job,sustained_prepared,,,5,,,,,,114410
019,True,block,sustained_prepared,,,,2,2,,,,561510
019,True,phase,sustained_prepared,prepared,7,,,,195272,,,
019,True,phase,sustained_prepared,prepared,8,,,,188497,,,
019,True,phase,sustained_prepared,verified,7,7,,,195272,240571,114588,
019,True,job,sustained_prepared,,,7,,,,,,114811
019,True,phase,sustained_prepared,verified,8,8,,,188497,52458,115400,
019,True,job,sustained_prepared,,,8,,,,,,115542
019,True,block,sustained_prepared,,,,3,2,,,,551877
019,True,phase,sustained_cold,prepared,8,,,,221270,,,
019,True,phase,sustained_cold,prepared,7,,,,228522,,,
019,True,phase,sustained_cold,verified,8,8,,,221270,0,112733,
019,True,job,sustained_cold,,,8,,,,,,334198
019,True,phase,sustained_cold,verified,7,7,,,228522,0,107031,
019,True,job,sustained_cold,,,7,,,,,,335736
019,True,block,sustained_cold,,,,3,2,,,,335757
019,True,phase,sustained_cold,prepared,9,,,,229094,,,
019,True,phase,sustained_cold,prepared,10,,,,229151,,,
019,True,phase,sustained_cold,verified,10,10,,,229151,0,109618,
019,True,job,sustained_cold,,,10,,,,,,340096
019,True,phase,sustained_cold,verified,9,9,,,229094,0,112456,
019,True,job,sustained_cold,,,9,,,,,,341720
019,True,block,sustained_cold,,,,4,2,,,,341740
019,True,phase,sustained_prepared,prepared,9,,,,194209,,,
019,True,phase,sustained_prepared,prepared,10,,,,196505,,,
019,True,phase,sustained_prepared,verified,9,9,,,194209,248813,112146,
019,True,job,sustained_prepared,,,9,,,,,,112394
019,True,phase,sustained_prepared,verified,10,10,,,196505,52664,113151,
019,True,job,sustained_prepared,,,10,,,,,,113254
019,True,block,sustained_prepared,,,,4,2,,,,556707
019,True,phase,sustained_prepared,prepared,11,,,,195680,,,
019,True,phase,sustained_prepared,prepared,12,,,,188977,,,
019,True,phase,sustained_prepared,verified,12,12,,,188977,52391,113538,
019,True,job,sustained_prepared,,,12,,,,,,113677
019,True,phase,sustained_prepared,verified,11,11,,,195680,241036,114811,
019,True,job,sustained_prepared,,,11,,,,,,114978
019,True,block,sustained_prepared,,,,5,2,,,,551752
019,True,phase,sustained_cold,prepared,12,,,,233968,,,
019,True,phase,sustained_cold,prepared,11,,,,235988,,,
019,True,phase,sustained_cold,verified,12,12,,,233968,0,108872,
019,True,job,sustained_cold,,,12,,,,,,343004
019,True,phase,sustained_cold,verified,11,11,,,235988,0,108269,
019,True,job,sustained_cold,,,11,,,,,,344440
019,True,block,sustained_cold,,,,5,2,,,,344457
019,True,phase,sustained_cold,prepared,13,,,,217170,,,
019,True,phase,sustained_cold,prepared,14,,,,239893,,,
019,True,phase,sustained_cold,verified,13,13,,,217170,0,97842,
019,True,job,sustained_cold,,,13,,,,,,315220
019,True,phase,sustained_cold,verified,14,14,,,239893,0,92998,
019,True,job,sustained_cold,,,14,,,,,,333103
019,True,block,sustained_cold,,,,6,2,,,,333455
019,True,phase,sustained_prepared,prepared,13,,,,189875,,,
019,True,phase,sustained_prepared,prepared,14,,,,189859,,,
019,True,phase,sustained_prepared,verified,13,13,,,189875,241180,113883,
019,True,job,sustained_prepared,,,13,,,,,,114086
019,True,phase,sustained_prepared,verified,14,14,,,189859,51673,114743,
019,True,job,sustained_prepared,,,14,,,,,,114978
019,True,block,sustained_prepared,,,,6,2,,,,546472
019,True,phase,sustained_prepared,prepared,15,,,,191019,,,
019,True,phase,sustained_prepared,prepared,16,,,,196103,,,
019,True,phase,sustained_prepared,verified,15,15,,,191019,247947,113830,
019,True,job,sustained_prepared,,,15,,,,,,114105
019,True,phase,sustained_prepared,verified,16,16,,,196103,52185,114734,
019,True,job,sustained_prepared,,,16,,,,,,114905
019,True,block,sustained_prepared,,,,7,2,,,,554280
019,True,phase,sustained_cold,prepared,16,,,,228358,,,
019,True,phase,sustained_cold,prepared,15,,,,229177,,,
019,True,phase,sustained_cold,verified,16,16,,,228358,0,112538,
019,True,job,sustained_cold,,,16,,,,,,341074
019,True,phase,sustained_cold,verified,15,15,,,229177,0,113116,
019,True,job,sustained_cold,,,15,,,,,,342434
019,True,block,sustained_cold,,,,7,2,,,,342466
019,True,phase,sustained_cold,prepared,17,,,,241561,,,
019,True,phase,sustained_cold,prepared,18,,,,241865,,,
019,True,phase,sustained_cold,verified,17,17,,,241561,0,111159,
019,True,job,sustained_cold,,,17,,,,,,353053
019,True,phase,sustained_cold,verified,18,18,,,241865,0,111717,
019,True,job,sustained_cold,,,18,,,,,,353736
019,True,block,sustained_cold,,,,8,2,,,,354214
019,True,phase,sustained_prepared,prepared,17,,,,195720,,,
019,True,phase,sustained_prepared,prepared,18,,,,190229,,,
019,True,phase,sustained_prepared,verified,17,17,,,195720,242317,113504,
019,True,job,sustained_prepared,,,17,,,,,,113748
019,True,phase,sustained_prepared,verified,18,18,,,190229,52445,114550,
019,True,job,sustained_prepared,,,18,,,,,,114651
019,True,block,sustained_prepared,,,,8,2,,,,553120
019,True,phase,sustained_prepared,prepared,19,,,,194478,,,
019,True,phase,sustained_prepared,prepared,20,,,,185984,,,
019,True,phase,sustained_prepared,verified,19,19,,,194478,238058,111285,
019,True,job,sustained_prepared,,,19,,,,,,112502
019,True,phase,sustained_prepared,verified,20,20,,,185984,52435,113414,
019,True,job,sustained_prepared,,,20,,,,,,113559
019,True,block,sustained_prepared,,,,9,2,,,,546545
019,True,phase,sustained_cold,prepared,19,,,,220201,,,
019,True,phase,sustained_cold,prepared,20,,,,220238,,,
019,True,phase,sustained_cold,verified,19,19,,,220201,0,112895,
019,True,job,sustained_cold,,,19,,,,,,333244
019,True,phase,sustained_cold,verified,20,20,,,220238,0,113429,
019,True,job,sustained_cold,,,20,,,,,,333816
019,True,block,sustained_cold,,,,9,2,,,,334219
019,True,phase,sustained_cold,prepared,21,,,,230548,,,
019,True,phase,sustained_cold,prepared,22,,,,239812,,,
019,True,phase,sustained_cold,verified,21,21,,,230548,0,115402,
019,True,job,sustained_cold,,,21,,,,,,346195
019,True,phase,sustained_cold,verified,22,22,,,239812,0,106952,
019,True,job,sustained_cold,,,22,,,,,,346975
019,True,block,sustained_cold,,,,10,2,,,,347365
019,True,phase,sustained_prepared,prepared,21,,,,192356,,,
019,True,phase,sustained_prepared,prepared,22,,,,198761,,,
019,True,phase,sustained_prepared,verified,21,21,,,192356,250827,112349,
019,True,job,sustained_prepared,,,21,,,,,,112610
019,True,phase,sustained_prepared,verified,22,22,,,198761,52400,113244,
019,True,job,sustained_prepared,,,22,,,,,,113432
019,True,block,sustained_prepared,,,,10,2,,,,557037
019,True,phase,sustained_prepared,prepared,23,,,,191589,,,
019,True,phase,sustained_prepared,prepared,24,,,,191067,,,
019,True,phase,sustained_prepared,verified,23,23,,,191589,242780,112164,
019,True,job,sustained_prepared,,,23,,,,,,112390
019,True,phase,sustained_prepared,verified,24,24,,,191067,52055,112998,
019,True,job,sustained_prepared,,,24,,,,,,113121
019,True,block,sustained_prepared,,,,11,2,,,,547917
019,True,phase,sustained_cold,prepared,23,,,,224949,,,
019,True,phase,sustained_cold,prepared,24,,,,224924,,,
019,True,phase,sustained_cold,verified,23,23,,,224949,0,111778,
019,True,job,sustained_cold,,,23,,,,,,337011
019,True,phase,sustained_cold,verified,24,24,,,224924,0,112742,
019,True,job,sustained_cold,,,24,,,,,,337852
019,True,block,sustained_cold,,,,11,2,,,,338278
019,True,phase,sustained_cold,prepared,26,,,,217707,,,
019,True,phase,sustained_cold,prepared,25,,,,227304,,,
019,True,phase,sustained_cold,verified,26,26,,,217707,0,115534,
019,True,job,sustained_cold,,,26,,,,,,333411
019,True,phase,sustained_cold,verified,25,25,,,227304,0,107413,
019,True,job,sustained_cold,,,25,,,,,,334896
019,True,block,sustained_cold,,,,12,2,,,,334915
019,True,phase,sustained_prepared,prepared,25,,,,197974,,,
019,True,phase,sustained_prepared,prepared,26,,,,200426,,,
019,True,phase,sustained_prepared,verified,26,26,,,200426,51700,115930,
019,True,job,sustained_prepared,,,26,,,,,,116094
019,True,phase,sustained_prepared,verified,25,25,,,197974,251771,118772,
019,True,job,sustained_prepared,,,25,,,,,,118930
019,True,block,sustained_prepared,,,,12,2,,,,568736
019,True,phase,sustained_prepared,prepared,27,,,,202820,,,
019,True,phase,sustained_prepared,prepared,28,,,,194146,,,
019,True,phase,sustained_prepared,verified,27,27,,,202820,246212,115071,
019,True,job,sustained_prepared,,,27,,,,,,115208
019,True,phase,sustained_prepared,verified,28,28,,,194146,52404,115589,
019,True,job,sustained_prepared,,,28,,,,,,115737
019,True,block,sustained_prepared,,,,13,2,,,,565180
019,True,phase,sustained_cold,prepared,28,,,,226460,,,
019,True,phase,sustained_cold,prepared,27,,,,236461,,,
019,True,phase,sustained_cold,verified,28,28,,,226460,1,104860,
019,True,job,sustained_cold,,,28,,,,,,333244
019,True,phase,sustained_cold,verified,27,27,,,236461,0,105750,
019,True,job,sustained_cold,,,27,,,,,,342429
019,True,block,sustained_cold,,,,13,2,,,,342444
019,True,phase,sustained_cold,prepared,30,,,,227991,,,
019,True,phase,sustained_cold,prepared,29,,,,232914,,,
019,True,phase,sustained_cold,verified,30,30,,,227991,0,110065,
019,True,job,sustained_cold,,,30,,,,,,338245
019,True,phase,sustained_cold,verified,29,29,,,232914,0,106641,
019,True,job,sustained_cold,,,29,,,,,,339778
019,True,block,sustained_cold,,,,14,2,,,,339802
019,True,phase,sustained_prepared,prepared,29,,,,188314,,,
019,True,phase,sustained_prepared,prepared,30,,,,188282,,,
019,True,phase,sustained_prepared,verified,30,30,,,188282,51911,114633,
019,True,job,sustained_prepared,,,30,,,,,,114749
019,True,phase,sustained_prepared,verified,29,29,,,188314,239846,116104,
019,True,job,sustained_prepared,,,29,,,,,,116266
019,True,block,sustained_prepared,,,,14,2,,,,544475
019,True,campaign,,,,,,60,,,,13434532
020,True,phase,bounded_burst,prepared,1,,,,199291,,,
020,True,phase,bounded_burst,prepared,2,,,,199967,,,
020,True,phase,bounded_burst,verified,1,101,,,199291,251194,115127,
020,True,phase,bounded_burst,verified,2,102,,,199967,51280,116253,
020,True,phase,bounded_burst,prepared,3,,,,194529,,,
020,True,phase,bounded_burst,prepared,4,,,,199080,,,
020,True,phase,pending_cancel,prepared,2,,,,197375,,,
020,True,phase,pending_cancel,verified,2,301,,,197375,0,70245,
020,True,phase,expiry_cancel,prepared,1,,,,194515,,,
020,True,phase,expiry_cancel,prepared,2,,,,191989,,,
020,True,phase,expiry_cancel,prepared,3,,,,193919,,,
020,True,phase,expiry_cancel,prepared,4,,,,193533,,,
020,True,phase,expiry_cancel,prepared,5,,,,192679,,,
020,True,phase,expiry_cancel,verified,5,201,,,192679,1,66914,
020,True,phase,sustained_cold,prepared,1,,,,217273,,,
020,True,phase,sustained_cold,prepared,2,,,,226261,,,
020,True,phase,sustained_cold,verified,1,1,,,217273,0,112699,
020,True,job,sustained_cold,,,1,,,,,,333992
020,True,phase,sustained_cold,verified,2,2,,,226261,0,110095,
020,True,job,sustained_cold,,,2,,,,,,336559
020,True,block,sustained_cold,,,,0,2,,,,336901
020,True,phase,sustained_prepared,prepared,1,,,,192620,,,
020,True,phase,sustained_prepared,prepared,2,,,,192190,,,
020,True,phase,sustained_prepared,verified,2,2,,,192190,53371,113739,
020,True,job,sustained_prepared,,,2,,,,,,113879
020,True,phase,sustained_prepared,verified,1,1,,,192620,243898,116475,
020,True,job,sustained_prepared,,,1,,,,,,116625
020,True,block,sustained_prepared,,,,0,2,,,,553193
020,True,phase,sustained_prepared,prepared,3,,,,196657,,,
020,True,phase,sustained_prepared,prepared,4,,,,196047,,,
020,True,phase,sustained_prepared,verified,3,3,,,196657,248122,111852,
020,True,job,sustained_prepared,,,3,,,,,,112091
020,True,phase,sustained_prepared,verified,4,4,,,196047,52444,112565,
020,True,job,sustained_prepared,,,4,,,,,,112732
020,True,block,sustained_prepared,,,,1,2,,,,558026
020,True,phase,sustained_cold,prepared,3,,,,226238,,,
020,True,phase,sustained_cold,prepared,4,,,,227319,,,
020,True,phase,sustained_cold,verified,3,3,,,226238,0,109692,
020,True,job,sustained_cold,,,3,,,,,,336111
020,True,phase,sustained_cold,verified,4,4,,,227319,0,109258,
020,True,job,sustained_cold,,,4,,,,,,336777
020,True,block,sustained_cold,,,,1,2,,,,337179
020,True,phase,sustained_cold,prepared,6,,,,223180,,,
020,True,phase,sustained_cold,prepared,5,,,,225102,,,
020,True,phase,sustained_cold,verified,6,6,,,223180,0,112254,
020,True,job,sustained_cold,,,6,,,,,,335614
020,True,phase,sustained_cold,verified,5,5,,,225102,0,111893,
020,True,job,sustained_cold,,,5,,,,,,337182
020,True,block,sustained_cold,,,,2,2,,,,337208
020,True,phase,sustained_prepared,prepared,5,,,,194047,,,
020,True,phase,sustained_prepared,prepared,6,,,,193238,,,
020,True,phase,sustained_prepared,verified,6,6,,,193238,52521,112720,
020,True,job,sustained_prepared,,,6,,,,,,112845
020,True,phase,sustained_prepared,verified,5,5,,,194047,245313,114208,
020,True,job,sustained_prepared,,,5,,,,,,114362
020,True,block,sustained_prepared,,,,2,2,,,,553771
020,True,phase,sustained_prepared,prepared,7,,,,192811,,,
020,True,phase,sustained_prepared,prepared,8,,,,191368,,,
020,True,phase,sustained_prepared,verified,7,7,,,192811,243458,113445,
020,True,job,sustained_prepared,,,7,,,,,,113741
020,True,phase,sustained_prepared,verified,8,8,,,191368,52440,114374,
020,True,job,sustained_prepared,,,8,,,,,,114579
020,True,block,sustained_prepared,,,,3,2,,,,551283
020,True,phase,sustained_cold,prepared,7,,,,213554,,,
020,True,phase,sustained_cold,prepared,8,,,,236719,,,
020,True,phase,sustained_cold,verified,7,7,,,213554,0,110755,
020,True,job,sustained_cold,,,7,,,,,,324522
020,True,phase,sustained_cold,verified,8,8,,,236719,0,95033,
020,True,job,sustained_cold,,,8,,,,,,331923
020,True,block,sustained_cold,,,,3,2,,,,332364
020,True,phase,sustained_cold,prepared,10,,,,220244,,,
020,True,phase,sustained_cold,prepared,9,,,,222396,,,
020,True,phase,sustained_cold,verified,10,10,,,220244,0,110481,
020,True,job,sustained_cold,,,10,,,,,,330932
020,True,phase,sustained_cold,verified,9,9,,,222396,0,110023,
020,True,job,sustained_cold,,,9,,,,,,332634
020,True,block,sustained_cold,,,,4,2,,,,332655
020,True,phase,sustained_prepared,prepared,9,,,,192349,,,
020,True,phase,sustained_prepared,prepared,10,,,,194300,,,
020,True,phase,sustained_prepared,verified,9,9,,,192349,246395,108903,
020,True,job,sustained_prepared,,,9,,,,,,109141
020,True,phase,sustained_prepared,verified,10,10,,,194300,52406,109737,
020,True,job,sustained_prepared,,,10,,,,,,109941
020,True,block,sustained_prepared,,,,4,2,,,,549100
020,True,phase,sustained_prepared,prepared,11,,,,194941,,,
020,True,phase,sustained_prepared,prepared,12,,,,193597,,,
020,True,phase,sustained_prepared,verified,11,11,,,194941,245680,112350,
020,True,job,sustained_prepared,,,11,,,,,,112591
020,True,phase,sustained_prepared,verified,12,12,,,193597,52432,113219,
020,True,job,sustained_prepared,,,12,,,,,,113408
020,True,block,sustained_prepared,,,,5,2,,,,554467
020,True,phase,sustained_cold,prepared,11,,,,222422,,,
020,True,phase,sustained_cold,prepared,12,,,,230278,,,
020,True,phase,sustained_cold,verified,11,11,,,222422,0,111674,
020,True,job,sustained_cold,,,11,,,,,,334367
020,True,phase,sustained_cold,verified,12,12,,,230278,0,104721,
020,True,job,sustained_cold,,,12,,,,,,335242
020,True,block,sustained_cold,,,,5,2,,,,335627
020,True,phase,sustained_cold,prepared,13,,,,225380,,,
020,True,phase,sustained_cold,prepared,14,,,,225436,,,
020,True,phase,sustained_cold,verified,14,14,,,225436,0,112418,
020,True,job,sustained_cold,,,14,,,,,,337995
020,True,phase,sustained_cold,verified,13,13,,,225380,0,113753,
020,True,job,sustained_cold,,,13,,,,,,339354
020,True,block,sustained_cold,,,,6,2,,,,339373
020,True,phase,sustained_prepared,prepared,13,,,,193852,,,
020,True,phase,sustained_prepared,prepared,14,,,,201508,,,
020,True,phase,sustained_prepared,verified,13,13,,,193852,253589,113722,
020,True,job,sustained_prepared,,,13,,,,,,113923
020,True,phase,sustained_prepared,verified,14,14,,,201508,52447,114527,
020,True,job,sustained_prepared,,,14,,,,,,114691
020,True,block,sustained_prepared,,,,6,2,,,,562559
020,True,phase,sustained_prepared,prepared,15,,,,203616,,,
020,True,phase,sustained_prepared,prepared,16,,,,194157,,,
020,True,phase,sustained_prepared,verified,16,16,,,194157,51468,113884,
020,True,job,sustained_prepared,,,16,,,,,,114054
020,True,phase,sustained_prepared,verified,15,15,,,203616,245258,115268,
020,True,job,sustained_prepared,,,15,,,,,,115488
020,True,block,sustained_prepared,,,,7,2,,,,564412
020,True,phase,sustained_cold,prepared,16,,,,225760,,,
020,True,phase,sustained_cold,prepared,15,,,,227705,,,
020,True,phase,sustained_cold,verified,16,16,,,225760,0,110979,
020,True,job,sustained_cold,,,16,,,,,,337033
020,True,phase,sustained_cold,verified,15,15,,,227705,0,110500,
020,True,job,sustained_cold,,,15,,,,,,338411
020,True,block,sustained_cold,,,,7,2,,,,338433
020,True,phase,sustained_cold,prepared,17,,,,228569,,,
020,True,phase,sustained_cold,prepared,18,,,,232760,,,
020,True,phase,sustained_cold,verified,17,17,,,228569,0,111189,
020,True,job,sustained_cold,,,17,,,,,,340012
020,True,phase,sustained_cold,verified,18,18,,,232760,0,107739,
020,True,job,sustained_cold,,,18,,,,,,340695
020,True,block,sustained_cold,,,,8,2,,,,341058
020,True,phase,sustained_prepared,prepared,17,,,,192057,,,
020,True,phase,sustained_prepared,prepared,18,,,,198879,,,
020,True,phase,sustained_prepared,verified,17,17,,,192057,250469,116662,
020,True,job,sustained_prepared,,,17,,,,,,116925
020,True,phase,sustained_prepared,verified,18,18,,,198879,51980,117456,
020,True,job,sustained_prepared,,,18,,,,,,117614
020,True,block,sustained_prepared,,,,8,2,,,,560596
020,True,phase,sustained_prepared,prepared,19,,,,194948,,,
020,True,phase,sustained_prepared,prepared,20,,,,198644,,,
020,True,phase,sustained_prepared,verified,19,19,,,194948,249722,113554,
020,True,job,sustained_prepared,,,19,,,,,,113810
020,True,phase,sustained_prepared,verified,20,20,,,198644,51439,114450,
020,True,job,sustained_prepared,,,20,,,,,,114611
020,True,block,sustained_prepared,,,,9,2,,,,559723
020,True,phase,sustained_cold,prepared,19,,,,233070,,,
020,True,phase,sustained_cold,prepared,20,,,,241195,,,
020,True,phase,sustained_cold,verified,19,19,,,233070,0,113732,
020,True,job,sustained_cold,,,19,,,,,,347087
020,True,phase,sustained_cold,verified,20,20,,,241195,0,106528,
020,True,job,sustained_cold,,,20,,,,,,347976
020,True,block,sustained_cold,,,,9,2,,,,348340
020,True,phase,sustained_cold,prepared,22,,,,225478,,,
020,True,phase,sustained_cold,prepared,21,,,,233001,,,
020,True,phase,sustained_cold,verified,22,22,,,225478,0,119588,
020,True,job,sustained_cold,,,22,,,,,,345233
020,True,phase,sustained_cold,verified,21,21,,,233001,0,113662,
020,True,job,sustained_cold,,,21,,,,,,346851
020,True,block,sustained_cold,,,,10,2,,,,346869
020,True,phase,sustained_prepared,prepared,21,,,,200073,,,
020,True,phase,sustained_prepared,prepared,22,,,,193231,,,
020,True,phase,sustained_prepared,verified,22,22,,,193231,52434,112775,
020,True,job,sustained_prepared,,,22,,,,,,112948
020,True,phase,sustained_prepared,verified,21,21,,,200073,245316,114149,
020,True,job,sustained_prepared,,,21,,,,,,114344
020,True,block,sustained_prepared,,,,10,2,,,,559783
020,True,phase,sustained_prepared,prepared,23,,,,196245,,,
020,True,phase,sustained_prepared,prepared,24,,,,194554,,,
020,True,phase,sustained_prepared,verified,24,24,,,194554,52455,112563,
020,True,job,sustained_prepared,,,24,,,,,,112702
020,True,phase,sustained_prepared,verified,23,23,,,196245,246632,113971,
020,True,job,sustained_prepared,,,23,,,,,,114177
020,True,block,sustained_prepared,,,,11,2,,,,557114
020,True,phase,sustained_cold,prepared,24,,,,219682,,,
020,True,phase,sustained_cold,prepared,23,,,,220424,,,
020,True,phase,sustained_cold,verified,23,23,,,220424,0,113270,
020,True,job,sustained_cold,,,23,,,,,,333940
020,True,phase,sustained_cold,verified,24,24,,,219682,0,115099,
020,True,job,sustained_cold,,,24,,,,,,334929
020,True,block,sustained_cold,,,,11,2,,,,335294
020,True,phase,sustained_cold,prepared,26,,,,222516,,,
020,True,phase,sustained_cold,prepared,25,,,,223358,,,
020,True,phase,sustained_cold,verified,26,26,,,222516,0,112350,
020,True,job,sustained_cold,,,26,,,,,,335048
020,True,phase,sustained_cold,verified,25,25,,,223358,0,113010,
020,True,job,sustained_cold,,,25,,,,,,336532
020,True,block,sustained_cold,,,,12,2,,,,336549
020,True,phase,sustained_prepared,prepared,25,,,,193534,,,
020,True,phase,sustained_prepared,prepared,26,,,,195770,,,
020,True,phase,sustained_prepared,verified,25,25,,,193534,246985,113379,
020,True,job,sustained_prepared,,,25,,,,,,113648
020,True,phase,sustained_prepared,verified,26,26,,,195770,51570,114233,
020,True,job,sustained_prepared,,,26,,,,,,114399
020,True,block,sustained_prepared,,,,12,2,,,,555374
020,True,phase,sustained_prepared,prepared,27,,,,195311,,,
020,True,phase,sustained_prepared,prepared,28,,,,190752,,,
020,True,phase,sustained_prepared,verified,27,27,,,195311,242961,114296,
020,True,job,sustained_prepared,,,27,,,,,,114566
020,True,phase,sustained_prepared,verified,28,28,,,190752,52563,115330,
020,True,job,sustained_prepared,,,28,,,,,,115509
020,True,block,sustained_prepared,,,,13,2,,,,554273
020,True,phase,sustained_cold,prepared,27,,,,225103,,,
020,True,phase,sustained_cold,prepared,28,,,,231678,,,
020,True,phase,sustained_cold,verified,27,27,,,225103,0,104057,
020,True,job,sustained_cold,,,27,,,,,,332763
020,True,phase,sustained_cold,verified,28,28,,,231678,0,103283,
020,True,job,sustained_cold,,,28,,,,,,335186
020,True,block,sustained_cold,,,,13,2,,,,335614
020,True,phase,sustained_cold,prepared,29,,,,224177,,,
020,True,phase,sustained_cold,prepared,30,,,,228328,,,
020,True,phase,sustained_cold,verified,29,29,,,224177,0,110037,
020,True,job,sustained_cold,,,29,,,,,,334532
020,True,phase,sustained_cold,verified,30,30,,,228328,0,107029,
020,True,job,sustained_cold,,,30,,,,,,335519
020,True,block,sustained_cold,,,,14,2,,,,335945
020,True,phase,sustained_prepared,prepared,29,,,,198919,,,
020,True,phase,sustained_prepared,prepared,30,,,,195546,,,
020,True,phase,sustained_prepared,verified,29,29,,,198919,247656,114061,
020,True,job,sustained_prepared,,,29,,,,,,114290
020,True,phase,sustained_prepared,verified,30,30,,,195546,52451,115025,
020,True,job,sustained_prepared,,,30,,,,,,115192
020,True,block,sustained_prepared,,,,14,2,,,,562255
020,True,campaign,,,,,,60,,,,13425500
